66,2.19,1,107,66,6,0,2,1,5387,0,5232,0,5669,0,57.22,0,9,0
195,1.43,0,56,195,7,0,2,1,5300,0,4637,0,5794,0,40.1,0,19,0
35,3,0,32,35,7,0,2,1,6094,0,5874,0,6748,0,26.18,0,13,0
90,1.95,0,167,90,7,0,2,1,4481,0,4473,0,5137,0,101.89,0,11,1
98,1.46,0,76,98,6,0,2,1,2801,1,2597,0,3470,0,66.71,0,25,0
129,1.08,0,65,129,7,0,2,1,3097,0,2470,0,3542,0,47.51,0,50,0
199,2.56,0,70,199,7,0,2,1,2056,0,1588,0,2574,0,45.55,0,35,0
33,1.57,0,167,33,6,0,2,1,6864,0,6315,0,7368,0,149.57,0,35,1
187,1.76,0,200,187,7,0,2,1,3973,0,3620,0,4028,0,139.86,0,49,1
24,0.98,0,42,24,6,0,2,1,1950,0,1791,1,2527,0,34.28,0,8,0
132,2.47,0,36,132,7,0,2,1,2396,0,2132,0,2477,0,30.09,0,41,0
97,0.75,0,30,97,7,0,2,1,1018,0,602,0,1658,0,23.38,0,12,0
146,1.24,0,89,146,6,0,2,1,749,0,219,0,1163,0,87.81,0,48,0
120,0.13,0,116,120,6,0,2,1,1608,0,1387,0,1657,0,61.07,0,11,0
182,0.91,0,34,182,6,0,2,1,4615,0,3993,0,4933,0,19.47,0,34,0
118,2.9,0,196,118,7,0,2,1,1942,0,1593,0,1943,0,104.25,0,25,1
139,2.66,0,146,139,6,0,2,1,7188,0,6714,0,7696,0,88.7,0,8,1
69,2.76,0,140,69,7,0,2,1,5131,0,4510,0,5802,0,97.11,0,16,1
167,0.47,0,124,167,7,0,2,1,5722,0,5141,0,6266,0,70.62,0,50,1
14,2.32,0,139,14,7,0,2,1,5849,0,5396,0,6179,0,100.94,0,47,1
68,2.94,0,152,68,7,0,2,1,5117,0,4444,0,5504,0,136.23,0,5,1
113,1.75,0,35,113,7,0,2,1,6578,0,6394,0,6700,0,27.95,0,3,0
149,0.05,0,26,149,6,0,2,1,7468,0,7430,0,7864,0,16.39,0,44,0
83,0.07,0,57,83,7,0,2,1,4970,0,4970,0,5508,0,49.73,0,36,0
189,1.08,0,97,189,6,0,2,1,1504,0,882,0,2185,0,77.93,0,34,0
187,1.26,0,73,187,6,0,2,0,1303,0,899,0,1480,0,57.41,0,9,0
68,0.06,0,140,68,6,0,2,1,1666,0,1555,0,2365,0,117.23,0,43,1
134,2.64,0,83,134,6,0,2,1,6196,0,5798,0,6238,0,44.77,0,17,0
170,0.13,0,25,170,7,0,2,1,2675,0,2252,0,3329,0,13.27,0,39,0
156,2.59,0,34,156,6,0,2,1,3240,0,2790,0,3550,0,26.08,0,3,0
135,2.72,1,153,135,6,0,2,0,5967,0,5858,0,6355,0,107.59,0,31,1
110,0.52,0,123,110,6,0,2,1,6471,0,5823,0,6530,0,91.41,0,33,1
85,1.17,0,122,85,7,0,2,1,5599,0,5434,0,5905,0,74.46,0,16,1
110,2.27,0,94,110,6,0,2,1,1156,0,1137,0,1407,0,54.89,0,8,0
15,2.1,0,78,15,7,0,2,1,7930,0,7283,0,8302,0,61.15,0,16,0
176,1.51,0,126,176,6,0,2,1,5871,0,5324,0,6393,0,121.68,0,39,1
81,2.24,0,172,81,6,0,2,1,7276,0,6655,0,7646,1,152.28,0,3,1
85,0.63,0,87,85,7,0,2,1,7337,0,7304,0,7604,0,44.15,0,26,0
35,2.97,0,170,35,6,0,2,1,7401,0,7218,0,7742,0,136.17,0,27,1
108,0.53,0,131,108,6,0,2,1,4741,0,4050,0,5182,0,99.56,0,7,1
70,0.59,0,139,70,7,0,2,1,710,0,81,0,1347,0,126.22,0,39,1
88,2.78,0,194,88,6,0,2,1,7404,1,7031,0,7978,0,187.09,0,11,1
106,0.64,0,161,106,6,0,2,1,4413,0,4269,0,5064,0,152.96,0,4,1
62,0.04,0,79,62,6,0,2,1,5327,0,5303,0,5656,0,50.47,0,28,0
176,2.96,0,78,176,6,0,2,1,3484,0,2998,0,3666,0,48.34,0,46,0
121,0.43,0,146,121,6,0,2,1,7420,0,6864,0,7857,0,99.05,0,22,1
174,2.2,0,47,174,7,0,2,1,1530,0,1139,1,1714,0,45.69,0,32,0
11,0.86,0,186,11,6,0,2,1,7273,0,7098,0,7687,0,117.2,0,8,1
140,2.67,0,173,140,7,0,2,1,5618,0,5517,0,6109,0,119.46,0,50,1
99,0.27,0,143,99,7,0,2,1,8064,0,7853,0,8250,0,108.11,0,39,1
124,2.49,0,155,124,7,0,2,1,5239,0,4840,0,5678,0,150.45,0,48,1
193,0.2,0,200,193,6,0,2,1,1127,0,797,0,1747,0,173.78,0,24,1
31,0.37,0,127,31,6,0,2,1,4647,0,4310,0,4870,0,81.56,0,37,1
194,0.72,0,68,194,7,0,2,1,5262,0,5167,0,5471,0,38.2,0,15,0
46,2.05,0,108,46,7,0,2,1,6973,0,6913,0,7194,0,72.34,0,35,1
143,2.25,0,166,143,6,0,2,1,1958,0,1286,0,2229,0,164.25,0,35,1
187,0.01,0,20,187,6,0,2,1,7158,0,6721,0,7599,0,10.98,0,27,0
117,1.16,0,158,117,6,0,2,1,5578,0,5486,0,6225,0,120.57,0,47,1
66,1.47,0,113,66,7,0,2,1,6201,0,5690,0,6225,0,81.26,0,48,1
73,2.18,0,62,73,6,0,2,1,6243,0,5753,0,6445,0,40.27,0,38,0
187,1.1,0,113,187,6,0,2,1,871,0,397,0,1180,0,70.96,0,41,0
190,2.44,0,188,190,6,0,2,1,2202,0,2041,0,2380,0,121.71,0,47,1
197,1.56,0,22,197,7,0,2,1,4195,0,4069,0,4779,0,14.8,0,50,0
13,1.73,0,120,13,7,0,2,1,4417,0,4294,0,4841,0,100.09,0,50,1
29,2.69,0,76,29,6,0,0,1,7059,0,6624,0,7645,0,75.04,0,38,1
146,2.24,0,143,146,6,0,2,1,3353,0,2658,0,4032,0,110.02,0,33,1
117,2.8,0,163,117,7,0,2,1,1411,0,1299,0,1922,0,116.05,0,46,1
75,1.78,0,65,75,6,0,2,1,3617,0,3611,0,3917,0,63.18,0,46,0
113,0.31,0,44,113,7,0,2,1,6067,0,5710,0,6760,0,30.75,0,46,0
189,2.61,0,55,189,7,0,2,1,5054,0,4831,0,5287,0,33.24,0,39,0
44,1.3,0,195,44,6,0,2,1,2383,0,1784,1,2839,0,171.06,0,11,1
115,2.75,0,103,115,6,0,2,1,1599,0,1042,0,1714,0,97.97,0,22,1
60,2.86,0,41,60,6,0,2,1,2883,0,2758,0,3417,0,22.08,0,19,0
72,2.44,0,177,72,6,0,2,1,3461,0,2999,0,4048,0,140.41,0,5,1
127,0.36,0,99,127,6,0,2,1,2739,0,2079,0,2960,0,60.63,0,5,0
156,1.38,0,139,156,6,0,2,1,3821,0,3414,0,4330,0,101.98,0,6,1
155,1.52,0,186,155,7,0,2,1,4287,0,3887,0,4392,0,147.19,0,12,1
118,0.13,0,45,118,6,0,2,1,5604,0,5264,0,6296,0,39.97,0,25,0
78,0.11,0,98,78,6,0,2,1,1806,0,1401,0,1966,0,74.18,0,12,0
68,1.11,0,41,68,7,0,2,1,4056,0,3499,0,4459,0,32.75,0,17,0
143,1.07,0,140,143,6,0,2,1,4967,0,4951,0,5210,0,100.49,0,41,1
180,2.81,0,162,180,7,0,2,1,1105,0,788,0,1478,0,98.8,0,48,1
198,0.05,0,37,198,7,0,2,1,7421,0,7163,0,7971,0,29.51,0,44,0
159,1.56,0,124,159,7,0,2,1,1055,0,1020,0,1151,0,94.78,0,5,0
68,1.74,0,152,68,7,0,2,1,3985,0,3307,0,4214,0,126.32,0,31,1
99,2.58,0,53,99,6,0,2,1,2338,0,2033,0,2385,0,35.94,0,19,0
56,2.27,0,178,56,7,0,2,1,5455,0,4833,0,5955,0,112.2,0,46,1
166,0.25,0,62,166,6,0,2,1,5439,0,4996,0,5742,0,60.55,0,21,0
168,0.5,0,85,168,6,0,2,1,6636,0,6439,0,6812,0,44.81,0,22,0
114,2.53,0,121,114,6,0,2,1,5033,0,4756,0,5445,0,112.99,0,48,1
171,0.3,0,25,171,7,0,2,1,5510,0,4831,0,5720,0,21.18,0,49,0
169,1.27,0,76,169,7,0,2,1,3859,0,3550,0,4221,0,50.65,0,50,0
169,2.33,0,184,169,7,0,2,1,5906,0,5445,0,6150,0,128.53,0,39,1
39,0.37,0,85,39,7,0,2,1,3320,0,2856,0,3981,0,55.81,0,43,0
185,1.22,0,100,185,6,0,2,1,2989,0,2513,0,3531,0,91.66,0,27,0
56,2.65,0,187,56,7,0,2,1,684,0,642,0,1293,0,180.07,0,23,1
138,1.91,0,118,138,6,0,2,1,6658,0,6261,0,7330,0,87.32,0,17,1
125,0.23,0,62,125,6,0,2,1,3567,0,3452,0,3666,0,53.24,0,4,0
62,0.32,0,143,62,7,0,2,1,1861,0,1454,0,2269,0,78.93,0,36,1
136,0.74,0,193,136,7,0,2,1,2573,0,2390,0,3150,0,172.27,0,45,1
26,2.24,0,39,26,6,0,2,1,3205,0,3188,0,3333,0,27.29,0,31,0
177,1.02,0,120,177,7,0,2,1,1336,0,935,0,1389,0,87.92,0,46,1
99,1.18,0,28,99,7,0,2,1,6601,0,6465,0,7197,0,18.52,1,20,0
66,2.68,0,194,66,7,0,2,1,1833,0,1776,0,2281,0,143.13,0,40,1
34,0.05,0,82,34,6,0,2,1,4430,0,4414,0,4483,0,50.27,0,39,0
119,1.28,0,129,119,7,0,2,1,7098,0,6417,0,7234,0,90.04,0,34,1
187,2.17,0,140,187,6,0,2,1,6127,0,5951,0,6717,0,118.51,0,42,1
145,1.54,0,91,145,6,0,2,1,4808,0,4526,0,5102,0,79.3,0,24,0
173,2.55,0,156,173,7,0,2,1,1045,1,668,0,1303,0,85.38,0,39,1
24,1.79,0,148,24,6,0,2,1,1028,0,928,0,1466,0,106.96,0,11,1
51,2.9,0,58,51,7,0,2,1,4976,0,4277,0,5634,0,55.2,0,26,0
80,1.42,0,125,80,7,0,2,1,5181,0,4733,0,5444,0,98.52,0,47,1
28,1.38,0,94,28,7,0,2,1,3426,0,3185,0,3932,0,81.86,0,27,1
67,0.94,0,144,67,7,0,2,1,2166,0,2030,0,2428,0,100.05,0,34,1
198,1.1,0,165,198,7,0,2,1,7329,0,7202,0,7841,0,107.26,0,13,1
59,2.4,0,136,59,6,0,2,1,2520,0,2141,0,2976,0,78.82,0,25,1
172,0.64,0,135,172,6,0,2,1,6768,0,6221,0,6796,0,120,0,24,1
30,0.57,0,146,30,6,0,2,1,2072,0,2059,0,2088,0,137.47,0,22,1
82,2.85,0,93,82,6,0,2,1,2563,0,2095,0,2606,0,47.85,0,41,0
97,0.53,0,153,97,7,0,2,1,6706,0,6636,0,6929,0,142.23,0,18,1
40,2.48,0,100,40,6,0,2,1,514,0,150,0,1138,0,58.37,0,30,0
156,2.13,0,111,156,6,0,2,1,4234,0,3961,0,4723,0,57.01,0,49,0
159,0.27,0,74,159,7,0,2,0,7816,0,7211,0,8145,0,38.59,0,3,0
94,2.97,0,76,94,6,0,2,1,1852,0,1437,0,2400,0,69.47,0,31,0
89,2.76,0,176,89,6,0,2,1,4280,0,4196,0,4639,0,127.65,0,14,1
123,0.72,0,29,123,6,0,2,1,2310,0,2223,0,2989,0,22.03,0,10,0
104,1.02,0,168,104,6,0,2,1,5775,0,5287,0,6447,0,104.81,0,41,1
35,0.67,0,101,35,6,0,2,1,7187,0,6728,0,7585,0,96.88,0,10,1
101,1.98,0,105,101,7,0,2,1,5583,0,5117,0,5966,0,76.03,0,10,0
75,2.52,0,131,75,6,0,2,0,6160,0,6087,0,6767,0,105.67,0,42,1
99,0.9,0,112,99,6,0,2,1,6904,0,6279,0,7428,0,69.52,0,18,1
79,0.08,0,189,79,7,0,2,1,3439,0,2803,0,3937,0,139.87,0,32,1
141,1.9,0,51,141,6,0,2,0,5743,0,5458,0,6378,0,27.66,0,7,0
93,0.43,0,58,93,7,0,2,1,4914,0,4676,0,5436,0,49.46,0,30,0
161,0.4,0,74,161,7,0,2,1,7780,0,7145,0,8200,0,72.62,0,41,0
41,2.4,0,191,41,6,0,1,1,5453,0,5230,0,5970,0,151.21,0,20,1
158,2.2,0,177,158,6,0,2,1,2626,0,2537,0,2769,0,143.13,0,14,1
197,0.18,0,34,197,7,0,2,1,2258,0,2253,0,2375,0,28.55,1,40,0
16,2.79,0,111,16,7,0,2,1,5357,0,4720,1,5983,0,80.97,0,47,1
109,2.83,0,75,109,7,0,2,1,3666,0,3370,0,3750,0,51.25,0,50,0
160,0.5,0,134,160,6,0,2,1,2951,0,2404,0,3351,0,112.29,0,15,1
62,1.7,0,167,62,7,0,2,1,4866,0,4592,0,4946,0,96.4,0,32,1
175,2.8,0,141,175,7,0,2,1,1545,0,1331,0,2234,0,114.38,0,46,1
177,2.28,0,23,177,6,0,2,1,2107,0,1429,0,2582,0,16.2,0,21,0
46,1.34,0,100,46,6,0,2,0,4149,0,3760,0,4175,0,91.27,0,3,0
88,0.23,0,108,88,7,0,2,1,1220,0,1215,0,1880,0,101.58,0,31,1
83,1.57,0,126,83,6,0,2,1,1734,0,1248,0,2159,0,120.71,0,34,1
18,1.73,0,147,18,6,0,2,1,6784,0,6303,0,7470,0,78.39,0,15,1
129,2.28,0,180,129,6,0,2,1,981,0,813,0,1523,0,134.76,0,32,1
155,2.18,0,109,155,6,0,2,1,1948,0,1584,0,2134,0,91.93,0,11,0
167,2.63,0,199,167,7,0,2,1,6022,0,5893,0,6414,0,124.96,0,47,1
67,2.72,0,87,67,7,0,2,1,1636,0,1168,0,1663,0,51.15,0,45,0
59,1.93,0,85,59,7,0,0,1,1734,0,1623,0,2339,0,57.49,0,16,0
17,1.75,0,97,17,7,0,2,0,5291,0,4868,0,5614,0,77.75,0,36,1
96,1.76,1,26,96,7,0,2,1,3547,0,3120,0,4096,0,16.27,0,38,0
126,0.39,0,30,126,6,0,2,1,5459,0,5376,0,5791,0,27.43,0,16,0
195,2.55,0,182,195,6,0,2,1,2868,0,2377,0,2870,0,126.93,0,31,1
168,0.7,0,90,168,6,0,2,0,1268,0,859,0,1475,0,64.77,0,45,0
110,1.4,0,200,110,7,0,2,1,1056,0,744,0,1192,1,172.65,0,45,1
148,0.45,0,119,148,6,0,2,1,1017,0,445,0,1175,0,96.44,0,26,1
180,1.45,0,137,180,7,0,2,1,950,0,634,0,1552,0,70.64,0,35,1
37,2.67,0,89,37,6,0,2,1,944,0,687,0,1197,0,72.51,0,5,0
32,1.36,0,169,32,7,0,2,1,1449,0,1444,0,1479,0,112.76,0,28,1
176,0.01,0,79,176,7,0,2,1,3915,0,3910,0,4219,0,61.91,0,34,0
34,1.75,0,96,34,6,0,2,0,1089,0,617,0,1190,0,68.23,0,25,0
89,0.84,0,120,89,6,0,2,1,3393,0,3272,0,3433,0,108.73,0,27,1
105,1,0,166,105,6,0,2,1,6342,0,5738,0,6342,0,89.68,0,44,1
48,2.85,0,172,48,7,0,2,1,1146,0,856,0,1487,0,115.6,0,30,1
152,0.53,0,199,152,6,0,2,1,7641,0,7617,0,8094,0,123.59,0,16,1
56,0.36,0,79,56,6,0,2,1,2583,0,2243,0,3201,0,73.28,0,10,0
21,1.18,0,90,21,7,0,2,1,2083,0,1512,0,2225,0,86.39,0,42,1
19,2.3,0,157,19,6,0,2,1,2896,0,2256,0,3099,0,104.3,0,31,1
34,1.59,0,97,34,7,0,2,1,6629,0,6339,0,7249,0,67.01,0,12,0
67,1.49,0,54,67,7,0,2,1,818,0,340,0,1451,0,29.52,0,47,0
88,1.45,0,42,88,7,0,2,1,8119,0,7881,0,8126,0,29.14,0,20,0
175,0.36,0,130,175,6,0,2,1,2566,0,2498,0,3107,0,93.53,0,19,1
102,0.46,0,76,102,7,0,2,1,2560,0,2296,0,2727,0,72.57,0,19,0
74,0.86,0,134,74,7,0,2,1,2710,0,2435,0,2910,0,131.17,0,15,1
135,1.63,0,94,135,7,0,2,1,7026,0,6703,0,7193,0,79.41,0,9,0
67,1.45,0,163,67,7,0,2,1,5510,0,5094,0,5909,0,153.57,0,28,1
17,0.17,0,123,17,7,0,2,1,5767,0,5384,0,5865,0,61.9,0,23,1
35,2.17,0,187,35,7,0,2,1,1407,0,828,0,1971,0,94.7,0,19,1
63,2.95,0,85,63,7,0,2,1,2536,0,1921,0,3001,0,69.52,0,32,0
34,0.92,0,63,34,6,0,2,1,7306,0,7245,1,7764,0,60.14,0,49,0
19,1.28,0,191,19,6,0,2,1,7305,0,7158,0,7631,0,141.63,0,20,1
97,0.29,0,73,97,6,0,2,1,7692,0,7488,0,8307,0,54.26,0,15,0
157,1.45,0,174,157,6,0,2,1,4422,0,4043,0,5103,0,98.57,0,48,1
53,2.34,0,180,53,7,0,2,1,1756,0,1650,0,2406,0,158.54,0,38,1
153,1.99,0,177,153,7,0,2,1,1810,0,1232,0,2401,0,94.78,0,18,1
13,2.66,0,80,13,6,0,2,1,5687,0,5431,0,6057,0,41.58,0,38,0
45,1.24,0,30,45,6,0,2,1,2716,0,2315,0,2953,0,15.52,0,31,0
25,1.63,0,139,25,7,0,2,1,5163,0,4619,0,5310,0,115.46,0,8,1
91,0.25,0,133,91,6,0,2,1,3144,0,2968,0,3698,0,124.5,0,27,1
55,0.02,0,187,55,7,0,2,1,4166,0,4061,0,4489,0,111.94,0,25,1
23,2.72,0,154,23,7,0,2,1,6606,0,6184,0,6967,0,108.97,0,4,1
63,1.42,0,93,63,7,0,2,1,1593,0,1287,0,1807,0,65.44,0,4,0
186,1.03,0,112,186,6,0,2,1,2604,0,2074,0,3033,0,105.71,0,34,1
12,1.48,0,110,12,6,0,2,1,7682,0,6986,0,8221,0,79.81,0,3,1
93,1.85,0,102,93,6,0,2,1,5601,0,5377,0,6030,0,77.35,0,41,1
28,1.19,0,194,28,7,0,2,1,668,0,502,0,1253,0,116.42,0,31,1
10,1.92,0,196,10,7,0,2,1,4266,0,3874,0,4547,0,186.3,0,30,1
61,1.45,0,162,61,7,0,2,1,3411,0,3058,0,3556,0,131.66,0,4,1
164,2.4,0,73,164,6,0,2,1,5921,0,5237,0,6214,0,36.68,0,19,0
66,1.18,0,54,66,6,0,2,1,3217,0,2789,0,3285,0,31.09,0,49,0
83,2.82,0,103,83,7,0,2,1,5480,0,5046,0,5755,0,74.41,0,22,0
160,0.75,0,141,160,7,0,2,1,4171,0,3600,0,4868,0,127.02,0,6,1
143,2.26,0,194,143,7,0,2,1,5332,0,5080,0,5464,0,181.95,0,42,1
56,0.61,0,56,56,7,0,2,1,6182,0,5723,0,6756,0,33.39,0,8,0
56,1.98,0,111,56,7,0,2,1,3093,0,2525,0,3462,1,78.12,0,14,0
47,2.35,0,173,47,7,0,2,1,944,0,431,0,1561,0,111.73,0,26,1
38,0.04,0,146,38,29,0,2,1,6705,0,6152,0,6849,0,102.62,0,50,1
131,1.49,0,136,131,6,0,2,1,4793,0,4767,0,5177,0,69.69,0,5,0
195,0.89,0,125,195,7,0,2,1,2948,0,2505,0,3380,0,93.91,0,19,1
189,2.16,0,128,189,7,0,2,1,5917,0,5792,0,6204,0,67.36,0,21,0
36,2.31,0,55,36,6,0,2,1,6654,0,6248,0,7267,0,28.32,0,24,0
178,1.01,0,74,178,7,0,2,1,8230,0,7591,0,8376,0,46.63,0,43,0
166,2.34,0,84,166,6,0,2,1,6274,0,5779,0,6913,0,61.03,0,23,0
140,1.98,0,45,140,6,0,2,1,7329,0,6877,0,7445,0,32.74,0,39,0
124,0.53,0,132,124,6,0,2,1,5942,0,5545,0,6488,0,80.18,0,20,1
109,2.3,0,131,109,7,0,2,1,5299,0,4991,0,5467,0,103.99,0,17,1
84,2.62,0,101,84,7,0,2,1,2563,0,2463,0,3164,0,92.46,0,15,0
137,2.26,0,161,137,6,1,2,1,6318,0,5805,0,6932,0,82.15,0,12,1
70,0.46,0,60,70,6,0,2,1,2247,0,2219,0,2686,0,49.99,0,10,0
114,1.08,0,197,114,6,1,2,1,5145,0,4986,0,5680,0,110.3,0,26,1
125,0.09,0,26,125,7,0,2,1,6163,0,5631,0,6505,0,13.79,0,45,0
114,0.29,0,67,114,6,0,2,1,6898,0,6214,0,7473,0,44.75,0,23,0
87,1.85,0,78,87,6,0,2,1,2599,0,2431,0,2774,0,73.94,0,35,0
49,1.84,0,84,49,7,0,2,1,5046,0,4653,0,5590,0,55.48,0,30,0
56,1.62,0,121,56,6,0,2,1,1505,0,1256,0,2136,0,68.92,0,29,1
145,2.57,1,169,145,6,0,2,1,2654,0,2282,0,2955,0,149.93,0,47,1
162,1.17,1,108,162,7,0,2,1,7847,0,7187,0,7932,0,85.67,0,8,0
140,0.05,0,30,140,6,0,1,1,5687,0,5234,0,6066,0,19.37,0,39,0
78,2.64,0,51,78,6,0,2,1,7384,0,7177,0,7876,0,37.98,0,29,0
87,0.9,0,123,87,7,0,2,1,6144,0,6138,0,6538,0,87.38,0,46,1
40,1.82,0,68,40,7,0,2,0,6192,0,5757,0,6681,0,65.91,0,21,0
109,1.37,0,96,109,7,0,2,1,2938,0,2808,0,3129,0,78.41,1,48,1
188,2.09,0,38,188,6,0,2,1,7369,0,6835,0,7810,0,29.3,0,47,0
182,2.81,0,36,182,7,0,2,1,1596,0,1029,0,2216,0,30.77,0,48,0
159,1.48,0,70,159,7,0,2,1,5775,0,5398,0,6079,0,61.49,0,13,0
73,1.06,0,50,73,7,0,2,1,4401,0,4057,0,4891,0,30.64,0,36,0
133,0.92,0,169,133,7,0,1,1,7526,0,7223,0,8194,0,164.87,0,36,1
71,0.08,0,199,71,7,0,2,1,824,0,647,0,1478,0,125.66,0,14,1
41,0.1,0,146,41,6,0,2,1,4023,0,3547,0,4139,1,77.5,0,21,1
72,2.37,0,83,72,7,0,2,1,2116,0,1691,0,2146,0,66.24,0,42,0
149,0.65,0,35,149,7,0,2,1,4565,0,4127,0,4980,0,30.81,0,7,0
54,0.54,0,164,54,7,0,2,1,3930,0,3902,0,4312,0,135.05,0,9,1
29,1.35,0,87,29,6,0,2,1,3088,0,2620,0,3152,0,79.14,0,3,0
40,1.6,0,181,40,7,0,2,1,1383,0,1184,0,1522,0,126.75,0,40,1
12,0.01,0,55,12,7,0,2,1,6198,0,5929,0,6491,0,39.12,0,14,0
32,1.91,0,183,32,6,0,2,1,4901,0,4659,0,5541,0,172.23,0,9,1
104,2.1,0,199,104,25,0,2,1,7554,0,7443,0,8185,0,104.39,0,4,1
32,2.15,0,99,32,7,0,2,1,8087,0,7517,0,8377,0,69,0,23,1
199,1.9,0,194,199,6,0,2,1,4220,0,3977,0,4238,0,128.22,0,41,1
66,1.66,0,74,66,7,0,2,1,4953,0,4611,0,5375,0,63.27,0,18,0
115,0.73,0,32,115,7,0,2,1,2903,0,2281,0,3298,0,16.27,0,16,0
38,0.97,0,69,38,7,0,2,1,6001,0,5792,0,6119,0,55.9,0,49,0
30,1.07,0,58,30,6,0,2,1,6446,0,6191,0,6661,0,43.25,0,37,0
158,2.82,0,133,158,7,0,2,1,2073,0,1924,0,2283,0,127.89,0,32,1
133,2.7,0,49,133,6,0,2,1,3504,0,2972,0,4014,0,35.72,0,42,0
28,1.08,0,105,28,6,0,2,1,1912,0,1846,0,2555,0,98.8,0,42,1
33,1.52,0,111,33,6,0,2,1,3174,0,2553,1,3283,0,63.51,0,18,0
79,2.87,0,122,79,7,0,2,1,1097,0,764,0,1556,0,118.73,0,37,1
13,0.92,0,88,13,7,0,2,1,4096,0,4049,0,4620,0,64.47,0,32,0
63,0.02,0,100,63,7,0,2,1,5487,0,4841,0,5626,0,93.43,0,26,1
185,0.36,0,142,185,7,0,2,1,5543,0,5208,0,5798,0,78.1,0,10,1
171,0.82,0,138,171,7,0,2,1,1597,0,1272,0,2225,0,88.46,0,24,1
197,1.8,0,145,197,7,1,2,0,1074,0,930,0,1222,0,102.07,0,13,1
115,1.06,0,68,115,7,0,2,1,2358,0,1804,0,2665,0,44.84,0,34,0
128,2.48,0,97,128,7,0,2,1,1844,0,1735,0,2045,0,56.04,0,18,0
80,0.23,0,119,80,6,0,2,1,6754,0,6685,0,7239,0,93.36,0,38,1
101,2.94,0,167,101,7,0,2,1,2050,0,1721,0,2587,0,113.67,0,21,1
160,2.6,0,34,160,7,0,2,1,3769,0,3386,0,4326,0,19.36,0,15,0
81,0.61,0,51,81,6,0,2,1,2329,0,2022,0,2860,0,31.91,0,12,0
11,1.72,0,78,11,6,0,2,1,7599,0,7050,0,7778,0,71.24,0,43,1
47,2.17,0,172,47,6,0,2,1,7257,0,6567,1,7631,0,136.05,0,42,1
114,1.15,0,130,114,6,0,2,1,2356,0,1968,0,2742,0,117.04,0,21,1
12,2.38,0,182,12,6,0,2,1,4276,0,3719,0,4350,0,167.16,0,38,1
25,1.35,0,106,25,7,0,2,1,6594,0,6292,0,7160,0,86.94,0,3,1
81,2.76,0,188,81,7,0,2,1,5299,0,5115,0,5690,0,123.19,0,15,1
199,2.96,0,170,199,6,0,2,1,7446,0,6859,0,7580,0,131.11,0,22,1
65,2.82,0,88,65,7,0,2,1,3930,0,3270,0,3998,0,72.6,0,27,0
108,0.85,0,114,108,7,0,2,1,6651,0,6259,0,7203,0,68.76,0,29,1
163,0.11,0,115,163,7,0,2,1,3037,0,2660,0,3133,0,111.57,0,21,1
43,0.92,1,101,43,7,0,2,1,5252,0,4834,0,5404,0,93.58,0,33,1
180,0.48,0,143,180,6,0,2,1,2690,0,2077,0,2740,0,134.3,0,44,1
55,0.92,0,62,55,6,0,2,1,5471,0,4939,0,5806,0,41,0,48,0
88,0.16,0,98,88,6,0,2,1,7100,0,7049,0,7594,0,83.63,0,48,1
151,0.8,0,34,151,7,0,2,1,4758,0,4695,0,4936,0,27.93,0,3,0
182,2.85,0,124,182,7,0,1,1,6116,0,5472,0,6280,0,68.87,0,12,0
169,0.65,0,186,169,7,0,2,1,3862,0,3820,0,4008,0,152.59,0,22,1
45,1.46,0,134,45,7,0,2,1,716,0,415,0,1338,0,128.99,0,18,1
52,1.25,0,181,52,7,0,2,1,3822,0,3197,0,4515,0,111.86,0,14,1
41,0.9,0,154,41,6,0,2,1,7287,0,7046,0,7671,0,113.51,0,6,1
198,0.97,0,42,198,7,0,2,1,2010,0,1922,0,2335,0,32.7,0,47,0
14,2.3,0,125,14,6,0,2,1,801,0,765,0,1381,0,63.28,0,30,1
89,1.51,1,178,89,7,0,2,1,6438,0,6223,0,6606,0,96.6,0,12,1
170,2.62,0,79,170,6,0,2,1,6406,0,6054,0,6578,0,74.42,0,50,0
138,2.6,0,66,138,7,0,2,1,1468,0,1413,0,1480,0,34.67,0,14,0
146,0.22,0,154,146,7,0,2,1,4930,0,4454,0,4935,0,115.27,0,11,1
13,0.8,0,133,13,7,0,2,1,4269,0,4139,0,4790,0,66.55,0,50,1
159,0.26,0,38,159,7,0,2,1,3753,0,3619,0,3876,0,22.56,0,4,0
52,2.55,0,73,52,7,0,2,1,7724,0,7658,0,8202,0,40.07,0,28,0
187,2.36,0,115,187,7,0,2,0,6675,0,6120,0,6954,0,73.94,0,29,0
164,0.67,1,128,164,6,0,2,1,3012,0,2326,0,3220,0,93.17,0,17,1
162,0.83,0,154,162,7,0,2,1,5485,0,4991,0,6012,0,138.32,0,49,1
18,0.62,0,173,18,7,0,2,1,3402,0,3095,0,3440,0,125.38,0,37,1
40,0.12,0,67,40,6,0,2,1,4835,0,4408,0,5285,0,39.74,0,30,0
74,1.74,0,70,74,6,0,2,1,5200,0,4580,0,5551,0,65.73,0,21,0
109,1.89,0,128,109,7,0,2,1,5837,0,5719,0,6447,0,104.51,0,34,1
163,1.69,0,199,163,6,0,2,1,2499,0,1926,0,3193,0,180.08,0,23,1
47,0.08,0,93,47,7,0,2,1,2162,0,2032,0,2224,0,68.06,0,37,0
30,2.24,0,143,30,7,0,2,1,1388,0,1068,0,1612,0,123.8,0,37,1
86,2.86,0,174,86,6,0,2,1,1623,0,1176,0,2025,0,160,0,11,1
119,1.64,0,90,119,6,0,2,0,3127,0,2944,0,3538,0,50.09,0,14,0
87,1.17,0,114,87,6,0,2,1,1662,0,1349,0,2221,0,105.48,0,43,1
193,1.57,0,182,193,6,0,2,1,6140,0,5968,0,6609,0,119.29,0,20,1
167,0.33,0,21,167,6,0,2,1,6317,0,6076,0,6918,0,19.7,0,5,0
16,1.17,0,195,16,6,0,2,1,1748,0,1285,0,1967,0,172.92,0,48,1
48,1.78,0,156,48,6,0,2,1,8155,0,7841,0,8204,0,122.68,0,13,1
109,2.67,0,167,109,7,0,2,1,7380,0,6734,0,7507,0,116.37,0,29,1
15,2.59,0,52,15,6,0,2,1,2164,0,1666,0,2332,0,26.79,0,13,0
94,2.98,0,137,94,6,0,2,1,2509,0,2060,0,3027,0,100.12,0,23,1
112,2.08,0,85,112,7,0,2,1,856,0,856,0,1153,0,65.63,0,27,0
57,1.15,0,117,57,7,0,2,1,2606,0,2521,0,2835,0,67.12,0,10,0
94,2.67,0,139,94,6,0,2,1,8134,0,7766,0,8265,0,75.28,0,10,1
177,2.36,0,37,177,7,0,2,1,6035,0,5973,0,6164,0,32.67,0,19,0
15,1.75,0,58,15,6,0,2,1,1530,0,1346,0,2128,0,40.29,0,17,0
59,0.06,0,192,59,6,0,2,1,6083,0,5495,0,6144,0,153.63,0,18,1
182,2.23,0,29,182,7,0,2,1,6827,0,6818,0,7009,0,18.09,0,36,0
170,1.07,0,49,170,7,0,2,1,1521,0,1507,0,1966,0,27.21,0,4,0
185,1.83,0,190,185,7,0,2,1,2231,0,1725,0,2905,0,108.12,0,11,1
111,1.57,0,126,111,6,0,2,1,4724,0,4098,0,4982,0,77.83,0,37,1
190,0.45,0,167,190,6,0,2,1,7998,0,7519,0,8233,0,157.36,0,32,1
43,2.43,0,61,43,6,0,2,1,1778,0,1300,0,2397,0,39.16,0,12,0
157,1.18,0,133,157,7,0,2,1,5132,0,4780,0,5549,0,81.46,0,26,1
178,0.17,0,113,178,6,0,2,1,3745,0,3593,0,4129,0,66.57,0,11,0
86,1.12,0,122,86,6,0,2,1,6209,0,5933,0,6840,0,117.64,0,9,1
26,0.36,0,160,26,7,0,2,1,3661,0,3083,0,3982,0,155.17,0,25,1
21,1.82,0,189,21,6,0,2,1,7636,0,7394,0,7893,0,175.11,0,35,1
189,0.92,0,178,189,29,0,2,1,951,0,255,0,1454,0,127.68,0,43,1
133,1.53,0,156,133,7,0,2,1,4683,0,4443,0,5215,0,99.09,0,49,1
144,1.77,0,92,144,6,0,2,1,2407,0,2387,0,2483,0,79.79,0,3,0
158,0.62,0,58,158,6,0,2,1,3050,0,2939,0,3252,0,42.68,0,6,0
95,1.79,0,187,95,7,0,2,1,6586,0,6362,0,6624,0,157.83,0,43,1
139,1.78,0,84,139,6,0,2,1,4587,0,4010,0,5040,0,65.83,0,12,0
162,1,0,131,162,7,0,2,1,8071,0,8006,0,8255,0,70.26,0,8,1
151,1.13,0,179,151,7,0,2,1,2819,0,2209,0,3008,0,161.87,0,45,1
43,2.18,0,51,43,7,0,2,1,3727,0,3421,0,4084,0,26.65,0,29,0
176,1.34,0,95,176,7,0,2,1,1525,0,1080,0,1917,0,60.28,0,32,0
152,1.22,0,146,152,7,0,2,1,3160,0,2753,0,3796,0,93.47,0,21,1
52,0.4,0,147,52,7,0,2,1,5584,0,5225,1,5839,0,126.42,0,34,1
153,1.73,0,62,153,6,0,2,1,2087,1,1766,0,2188,0,52.3,0,23,0
20,0.27,0,168,20,6,0,2,1,2331,0,1971,0,2924,0,160.09,0,42,1
67,0.07,0,183,67,7,0,2,1,7059,1,6370,0,7493,0,99.73,0,20,1
88,0.25,0,149,88,7,0,2,1,3717,0,3064,0,3749,0,106.67,0,24,1
32,2.28,0,188,32,6,0,2,1,3172,0,3132,0,3420,0,178.81,0,3,1
197,1.97,0,69,197,7,0,2,1,5021,0,4920,0,5588,0,40.64,0,43,0
173,1.53,0,168,173,6,0,2,1,2704,0,2510,0,2959,0,99.58,0,40,1
171,0.06,0,173,171,6,0,2,1,4691,0,4078,0,4706,0,151.19,0,16,1
104,2.92,0,125,104,6,0,2,1,1933,0,1646,0,2166,0,80.35,0,49,1
14,2.22,0,122,14,6,0,2,1,4632,0,4584,0,4988,0,96.69,0,23,1
53,1.32,0,184,53,7,0,2,1,7374,0,6699,0,7978,0,153.53,0,5,1
111,1.36,0,153,111,7,0,2,1,4380,0,3713,0,4778,0,112.11,0,10,1
172,0.44,0,77,172,6,0,2,1,4138,0,3921,0,4667,0,41.19,0,5,0
93,1.3,0,171,93,6,0,2,1,4423,0,4157,0,4915,0,137.7,0,13,1
169,0.62,0,59,169,6,0,2,1,4625,0,4267,0,4672,0,39.79,0,30,0
31,2.21,0,148,31,6,0,2,1,889,0,335,0,1547,0,104.16,0,17,1
200,0.36,0,156,200,6,0,2,1,7346,0,6874,0,7434,0,100.11,0,11,1
88,0.57,0,159,88,7,0,2,1,3369,0,3083,0,4031,0,109.97,0,46,1
79,0.98,0,47,79,6,0,2,1,7324,0,7203,0,7541,0,29.85,0,42,0
186,1.43,0,106,186,7,0,2,1,1885,0,1571,0,2214,0,57.37,0,11,0
74,1.62,0,93,74,6,0,2,1,2754,0,2709,0,3198,0,51.63,0,31,0
71,2.87,0,58,71,7,0,2,1,7430,0,7043,0,7968,0,48.26,0,11,0
100,1.8,0,196,100,7,0,2,1,3300,0,2987,0,3496,0,180.92,0,49,1
136,0.06,0,140,136,6,0,2,1,1781,0,1772,0,2164,0,108.35,0,43,1
196,2.64,0,179,196,6,0,2,1,2871,0,2572,0,3107,0,162.48,0,13,1
23,0.97,0,130,23,7,0,2,1,6847,0,6462,0,6972,0,105.06,0,20,1
145,0.9,0,154,145,7,0,2,1,3454,0,2869,0,4104,0,100.06,0,43,1
115,2.71,0,91,115,6,0,2,1,4297,0,3736,0,4472,0,71.53,0,9,0
138,1.71,0,161,138,6,0,2,1,5552,0,5088,0,5855,0,101.16,0,46,1
21,2.18,0,59,21,7,0,2,1,1196,0,964,0,1777,0,32.34,0,3,0
112,2.07,0,144,112,6,0,2,1,1736,0,1501,0,2294,0,104.51,0,46,1
98,0.36,0,183,98,7,0,2,1,7467,0,7408,0,8072,0,126.44,0,26,1
27,2.99,0,106,27,7,0,2,1,4288,0,3712,0,4789,0,55.81,0,20,0
111,1.87,0,134,111,6,0,2,1,7763,0,7420,0,8192,0,87.97,1,28,1
63,0.68,0,134,63,6,0,2,1,1121,0,1006,0,1640,0,97.62,0,44,1
49,1.84,0,167,49,6,0,2,1,2043,0,1996,0,2327,0,128.23,0,19,1
33,2.53,0,198,33,6,0,2,1,3850,0,3676,0,4433,0,136.25,1,48,1
141,1.09,0,119,141,6,0,2,1,7313,0,7287,0,7361,0,92.64,0,24,1
165,1.53,0,96,165,6,0,2,1,1896,0,1334,0,2151,0,91.78,0,4,0
94,0.92,0,59,94,7,0,2,1,7884,0,7578,0,8237,0,33.72,0,9,0
47,0.67,0,132,47,7,0,2,1,7291,0,7079,0,7795,0,69.32,0,45,1
56,2.59,0,62,56,6,0,2,1,1291,0,1248,0,1629,0,47.58,0,20,0
29,2.56,0,59,29,6,0,2,1,2544,0,2136,0,3090,0,38.69,0,7,0
149,0.84,0,52,149,7,0,2,1,7017,0,6335,0,7182,0,44.47,0,38,0
91,0.8,0,38,91,6,0,2,1,6459,0,6261,0,7070,0,23.53,0,39,0
32,0.34,0,59,32,6,0,2,1,4062,0,3466,0,4169,0,52.38,0,43,0
48,1.41,0,138,48,7,0,2,1,7002,0,6955,0,7449,0,73.68,0,28,1
54,0.69,0,153,54,6,0,2,1,3040,0,2671,0,3446,0,141.51,0,28,1
128,0.51,0,87,128,6,0,2,1,5218,0,5097,0,5236,0,77.84,0,23,0
194,0.3,0,27,194,7,0,2,1,1805,0,1321,0,2390,0,19.17,0,35,0
53,2.06,0,156,53,6,0,2,1,5470,0,5081,0,5603,0,98.47,0,6,1
132,0.82,0,87,132,7,0,2,1,3059,0,2821,0,3194,0,77.23,0,29,0
53,2.72,0,52,53,7,0,2,1,7707,0,7399,0,8241,0,41.57,1,9,0
142,1.97,0,125,142,6,0,2,1,5933,0,5606,0,6206,0,109.44,0,8,1
122,2.13,0,35,122,7,0,2,1,3553,0,3525,0,3721,0,25.55,0,47,0
186,0.31,0,31,186,6,0,2,1,1721,0,1667,0,1802,0,30.48,0,24,0
20,1.43,0,107,20,7,0,2,1,7198,0,6575,0,7290,0,78.66,0,46,1
136,2.45,0,54,136,6,0,2,1,5100,0,4598,0,5316,0,33.3,0,35,0
83,0.08,0,103,83,6,0,2,1,2016,0,1490,0,2688,0,54.37,0,5,0
132,2.36,0,112,132,7,0,2,1,2473,0,2061,0,3161,0,67,0,28,0
40,1.47,0,37,40,6,0,2,1,6084,0,5582,0,6493,0,28.64,0,34,0
14,0.29,0,146,14,6,0,2,1,4733,0,4176,0,5402,0,91.42,0,8,1
78,0.23,0,119,78,7,0,2,1,1269,0,1096,0,1425,0,102.14,0,49,1
64,0.25,0,117,64,6,0,2,1,5423,0,4807,0,5638,0,113.85,0,38,1
183,2.46,0,80,183,7,0,2,1,7165,0,6634,0,7669,0,49.66,0,10,0
31,2.11,0,31,31,6,0,2,1,2788,0,2743,0,3373,0,19.81,0,42,0
85,2.33,0,31,85,6,0,2,1,7535,0,7447,0,8120,0,20.04,0,41,0
63,0.59,0,117,63,6,0,2,1,3303,0,2848,0,3505,0,63.75,0,41,1
177,1.6,0,155,177,6,0,2,1,4270,0,4159,0,4547,0,127.65,0,33,1
94,1.82,0,194,94,6,0,2,1,3199,0,3121,0,3835,0,141.98,0,38,1
67,2.63,0,82,67,6,0,2,1,6618,0,6203,0,7093,0,50.11,0,14,0
150,1.19,0,129,150,7,0,2,1,4489,0,4092,0,5005,0,112.53,0,22,1
31,1.26,0,198,31,6,0,2,1,2516,0,2038,0,2747,0,138.63,0,15,1
81,1.34,0,66,81,7,0,2,1,2861,0,2215,0,3054,0,38.77,0,26,0
89,1.71,0,156,89,6,0,2,1,715,0,399,0,1367,0,96.02,0,6,1
103,1,0,110,103,7,0,2,1,7658,0,7221,0,7806,0,106.67,0,47,1
147,1.35,0,109,147,6,0,2,1,7613,0,6976,0,7754,0,102.68,0,23,1
167,2.38,0,171,167,6,0,2,1,4335,0,4099,0,4361,0,138.6,0,39,1
60,1.36,0,88,60,6,0,2,1,7475,0,6833,0,7828,0,67.2,0,16,0
184,0.61,0,33,184,6,0,2,1,1087,0,538,0,1604,0,20.46,0,45,0
85,0.81,0,54,85,6,0,2,1,2078,0,1693,0,2764,0,45.12,0,13,0
52,1.68,0,20,52,6,0,2,1,7854,0,7469,0,8145,0,14.71,0,23,0
12,1.75,0,48,12,6,0,0,1,5089,0,4407,0,5193,0,35.36,0,47,0
98,0.31,0,143,98,6,0,2,1,4713,0,4219,0,5122,0,82.05,0,32,1
150,1.76,0,186,150,6,0,2,1,1747,0,1626,0,1794,0,113.25,0,21,1
67,0.7,0,174,67,6,0,2,1,2630,0,2108,0,3142,0,121.13,0,24,1
171,1.23,0,25,171,6,0,2,1,7224,0,6762,0,7373,0,19.52,0,45,0
186,1.1,0,194,186,7,0,2,1,1187,0,943,0,1834,0,107.57,0,33,1
111,2.75,0,189,111,6,0,2,1,3313,0,2780,0,3957,0,133.88,0,21,1
37,0.65,0,103,37,7,0,2,1,4716,0,4037,1,5412,0,67.25,0,16,0
121,2.06,0,110,121,7,0,2,1,2630,0,2514,0,2999,0,90.79,0,32,1
124,2.81,0,52,124,6,0,2,1,7781,0,7207,0,7815,0,44.7,0,18,0
80,2.52,1,56,80,7,0,2,1,1951,0,1439,0,2461,0,53.55,0,28,0
185,1.82,0,25,185,6,0,2,1,3245,0,2888,0,3299,0,16.82,0,16,0
26,0.27,0,54,26,7,0,2,1,5088,0,4825,0,5110,0,51.59,0,35,0
187,2.41,0,125,187,7,0,2,1,5327,0,4824,0,5534,0,100.19,0,46,1
182,0.84,0,137,182,6,0,2,1,7257,0,6870,0,7662,0,96.88,0,8,1
78,2.65,0,26,78,7,0,2,1,3046,0,2707,0,3432,0,21.55,0,25,0
68,1.34,0,129,68,7,0,2,1,3240,0,2824,0,3519,0,91.35,0,3,1
139,0.06,0,134,139,6,0,2,1,4606,0,3985,0,4956,0,95.29,1,16,1
147,1.52,0,51,147,6,0,2,1,2818,0,2767,0,2991,0,42.37,0,18,0
70,0.53,0,180,70,6,0,2,1,7718,0,7391,0,7964,0,110.42,0,7,1
156,2.57,0,44,156,7,0,2,1,4220,0,3828,0,4503,0,41.61,0,30,0
11,2.96,0,160,11,7,0,2,1,4180,0,3914,0,4390,0,99.7,0,13,1
154,1.27,0,67,154,6,0,2,1,5905,0,5779,0,6554,0,58.39,0,20,0
176,2.22,0,197,176,7,0,2,1,6416,0,5896,0,6869,0,144.85,0,10,1
15,2.59,0,171,15,7,0,2,1,6899,0,6340,0,7381,0,149.9,0,35,1
120,2.02,0,171,120,6,0,2,1,1349,0,1051,0,1471,0,137.28,0,39,1
187,2.33,0,198,187,6,0,2,1,7437,0,6947,0,7460,0,146.69,0,48,1
81,0.72,0,106,81,6,0,2,1,5084,0,5074,0,5498,0,56.93,0,31,0
172,2.01,0,83,172,7,0,2,1,7593,0,7055,0,7952,0,81.6,0,37,0
130,1.43,0,46,130,7,0,2,1,4640,0,4102,0,5003,0,37.06,0,5,0
183,0.53,0,39,183,7,0,2,1,2654,0,2629,0,2791,0,25.95,0,38,0
40,2.27,0,35,40,6,0,2,1,4810,0,4325,1,5276,0,32.72,0,8,0
103,1.32,0,141,103,6,0,2,1,7309,0,6887,0,7585,0,84.79,0,50,1
115,1.59,0,43,115,9,0,2,1,547,0,177,0,1139,0,39.95,0,14,0
117,2.61,0,86,117,7,0,2,1,6051,0,5415,0,6294,0,70.21,0,43,0
112,2.35,0,199,112,6,0,2,0,1812,0,1733,0,1921,0,158.88,0,50,1
14,2.24,0,71,14,6,0,2,1,6092,0,5920,0,6711,1,67.66,0,31,0
158,0.42,0,164,158,7,0,2,1,2169,0,1470,0,2645,0,135.41,0,46,1
198,2.43,0,26,198,7,0,2,1,3666,0,3152,0,4142,0,25.17,0,39,0
149,1.67,0,99,149,7,0,2,1,4358,0,4333,0,4759,0,82.86,0,45,1
130,1.19,0,131,130,7,0,2,1,6903,0,6486,0,7456,0,75.25,0,5,1
86,0.72,0,152,86,6,0,2,1,3152,0,2639,0,3175,0,141.36,0,37,1
15,2.08,0,191,15,7,0,2,1,7995,0,7558,0,8200,0,149.96,0,6,1
121,2.49,0,196,121,7,0,2,1,6141,0,6016,0,6596,0,150.06,0,31,1
143,0.89,0,33,143,6,0,2,1,894,0,563,0,1368,0,17.2,0,44,0
62,0.92,0,133,62,7,0,2,1,6129,0,5872,0,6539,0,127.06,0,8,1
141,1.97,0,41,141,6,0,2,1,7704,0,7381,0,7851,0,36.4,0,24,0
160,0.87,0,120,160,6,0,2,1,4327,0,4181,0,4650,0,63.13,0,4,0
44,0.07,0,32,44,6,0,2,1,6033,0,6002,0,6729,0,27.59,0,29,0
122,2.59,0,89,122,7,0,2,1,956,0,325,0,1220,0,81.49,0,32,0
102,1.04,0,99,102,7,0,2,1,6315,0,6177,0,6361,0,54.02,0,30,0
145,0.78,0,75,145,6,0,2,1,7247,0,6608,0,7498,0,41.37,0,49,0
152,1.54,0,40,152,7,0,2,1,2105,0,1912,0,2561,0,22.63,0,16,0
195,1.16,0,131,195,6,0,2,1,599,0,536,0,1241,0,107.66,0,44,1
99,1.48,0,119,99,7,0,2,1,1206,0,694,0,1723,0,63.37,0,38,1
81,0.18,0,70,81,7,0,2,1,7499,0,7359,0,7897,0,52.46,0,38,0
157,0.2,0,50,157,6,0,2,1,2135,0,1795,0,2296,0,25.36,0,47,0
76,1.87,0,54,76,7,0,2,1,2437,0,2155,0,2505,0,35.99,0,17,0
199,1.42,0,133,199,7,0,2,1,4344,0,3998,0,4590,0,118.7,0,20,1
87,1.67,0,61,87,6,0,2,1,6562,0,6241,0,6922,0,45.94,0,25,0
78,0.44,0,133,78,7,0,2,1,1724,0,1029,0,1789,0,110.51,0,17,1
187,2.8,0,103,187,7,0,2,1,2560,0,2376,0,2808,0,83.46,1,20,0
199,2.11,0,155,199,6,0,2,1,2322,0,2204,0,2709,0,86.67,0,38,1
81,2.52,0,177,81,7,0,2,1,3544,0,2868,0,3905,0,93.62,0,9,1
58,1.23,0,197,58,6,0,0,1,5221,0,4798,0,5273,0,172.26,0,45,1
188,0.37,0,200,188,6,0,2,1,903,0,593,0,1375,0,165.14,0,37,1
107,0.58,0,104,107,6,0,2,1,4576,0,4132,0,4580,0,54.86,0,8,0
74,0.73,0,52,74,7,0,2,1,5152,0,4459,0,5690,0,27.29,0,10,0
102,0.2,0,20,102,6,0,2,1,7707,0,7133,0,8121,0,17.7,0,42,0
20,0.12,0,106,20,7,0,2,1,7209,0,6597,0,7373,0,78.88,0,6,1
132,0.67,0,158,132,7,0,2,1,5055,0,4715,0,5741,0,134.57,0,21,1
165,2.57,0,39,165,7,0,2,1,2782,0,2272,0,3301,0,31.27,0,5,0
198,0.17,0,127,198,6,0,2,1,5636,0,5211,0,6048,0,96.32,0,5,1
156,1.14,0,70,156,7,0,2,1,5902,0,5575,0,6010,0,47.31,0,14,0
197,0.37,0,144,197,7,0,2,1,2469,0,1909,0,2739,0,139.44,0,8,1
62,0,0,189,62,7,0,2,1,7551,0,6960,0,8248,0,147.73,0,47,1
116,0.66,0,93,116,7,0,2,1,4415,0,4355,0,4541,0,69.3,0,13,0
188,2.47,0,75,188,7,0,2,1,5581,0,5373,0,5996,0,45.65,0,5,0
56,0.6,0,171,56,6,0,2,1,5251,0,4986,0,5656,0,135.18,0,20,1
174,0.11,0,59,174,7,0,2,1,3796,0,3703,0,3898,0,51.39,0,46,0
22,2.29,0,176,22,6,0,2,1,6869,0,6458,0,7348,0,135.47,0,8,1
147,0.51,0,151,147,6,0,2,1,5393,0,5298,0,5424,0,99.44,0,14,1
47,1.96,0,190,47,7,0,2,1,2626,0,2621,0,2910,0,98.91,0,15,1
149,2.06,0,169,149,6,0,2,1,4491,0,4351,0,4508,0,84.56,0,34,1
60,2.68,0,134,60,6,0,2,1,5683,0,5091,0,5722,0,82.83,0,24,1
128,2.43,0,104,128,6,0,2,1,5262,0,4994,0,5406,0,63.93,0,23,0
107,0.56,0,115,107,7,0,2,1,3393,0,3209,0,3451,0,90.45,0,47,1
192,0.76,0,24,192,6,0,2,1,1754,0,1470,0,1755,0,17.55,0,22,0
134,2.2,0,142,134,7,0,2,1,3989,0,3660,0,4298,0,90.68,0,34,1
29,2.88,0,90,29,6,0,2,1,5425,0,5272,0,5736,0,62.87,0,19,0
29,1.77,0,163,29,7,0,1,1,5245,0,4697,0,5344,0,97.21,0,16,1
38,0.2,0,173,38,6,0,2,1,1700,0,1024,0,2120,0,144.15,0,14,1
131,2.66,0,162,131,7,0,2,1,1058,0,510,0,1563,0,152.89,0,4,1
119,1.55,0,143,119,7,0,2,1,3762,0,3702,0,4433,0,121.68,0,21,1
163,2.1,0,154,163,7,0,2,1,6934,0,6910,0,7550,0,122.61,0,23,1
14,2.08,0,28,14,6,0,2,1,6424,0,5765,0,7001,0,16.56,0,47,0
16,1.9,0,24,16,6,0,2,1,3013,0,2551,0,3373,0,22.48,0,41,0
65,0.75,0,147,65,6,0,2,1,4384,0,4114,0,4608,0,94.81,0,19,1
35,0.02,0,184,35,7,0,2,1,591,0,422,0,1249,0,99.22,0,40,1
64,0.66,0,51,64,6,0,2,1,4838,0,4603,0,5070,0,37.7,0,32,0
48,2.76,0,66,48,6,0,2,1,8052,0,7652,0,8275,0,37.7,0,50,0
74,1.81,0,164,74,7,0,2,1,2055,0,1706,0,2471,0,141.6,0,49,1
161,2.67,0,82,161,6,0,2,1,7685,0,7657,0,7824,0,58.05,0,14,0
51,1.56,0,131,51,6,0,2,1,2513,0,2181,0,2749,0,101.32,0,23,1
114,1.3,0,120,114,7,0,2,1,7519,0,6943,0,7597,0,87.08,0,35,1
146,2.3,0,167,146,7,0,2,1,2310,0,1759,0,2957,0,113.17,0,6,1
48,2.35,0,33,48,6,0,2,1,5047,0,4963,0,5377,0,21.23,0,47,0
106,0.89,0,109,106,6,0,2,1,7843,0,7248,0,8289,0,107.28,0,3,1
30,2.7,0,78,30,7,0,2,1,6273,0,5881,0,6434,0,73.06,0,49,1
10,0.6,0,115,10,6,0,2,1,7248,0,7241,0,7751,0,65.56,0,27,1
100,0.25,0,69,100,6,0,2,1,4050,0,3572,0,4068,0,38.86,0,39,0
126,0.17,0,180,126,7,0,2,1,6506,0,6120,0,7017,0,138.88,0,41,1
104,1.52,0,160,104,6,0,2,1,3145,0,2918,0,3315,0,98.7,0,28,1
78,0.82,0,142,78,6,0,2,1,2267,0,1683,0,2422,0,108.67,0,46,1
118,0.64,0,57,118,6,0,2,1,2657,0,2513,0,2726,0,38.73,0,49,0
122,1.13,0,60,122,7,0,2,1,8143,1,7487,0,8338,0,39.16,0,9,0
125,2.21,0,112,125,7,0,2,0,3732,0,3629,0,4402,0,65.44,0,35,0
125,2.1,0,195,125,7,0,2,1,4318,0,4311,0,4413,0,108.88,0,40,1
134,1.62,0,53,134,6,0,2,1,5873,0,5254,0,5899,0,31.79,0,45,0
160,2.64,0,140,160,6,0,2,1,2520,0,2334,0,3016,0,86.97,0,45,1
55,1.28,0,41,55,7,0,2,1,4862,0,4286,0,4885,0,30.85,0,26,0
127,1.98,0,29,127,6,0,2,1,3502,0,2890,0,3702,0,22.54,0,10,0
140,2.69,0,196,140,6,0,2,1,5240,0,4935,0,5730,0,173.23,0,23,1
61,0.54,0,73,61,7,0,2,1,2472,0,1844,0,2862,0,38.17,0,6,0
23,1.25,0,175,23,6,0,2,1,5403,0,4726,0,6014,0,127.51,0,39,1
39,1.15,0,172,39,6,0,2,1,6106,0,6049,0,6533,0,103.04,0,46,1
193,2.24,0,156,193,6,0,2,1,2385,0,2328,0,3007,0,122.88,0,36,1
188,0.68,0,150,188,7,0,2,1,4711,0,4157,0,4960,0,82.79,0,50,1
132,1.46,0,90,132,7,0,2,1,5896,0,5251,0,6127,0,88.03,0,28,0
48,2.83,0,174,48,6,0,2,1,2815,0,2778,0,3056,0,128.01,0,12,1
140,1.81,0,44,140,7,1,2,1,5874,0,5861,0,6438,0,40.35,0,49,0
23,2.55,0,80,23,6,0,2,1,2593,0,2467,0,2638,0,58.45,0,10,0
59,2.79,0,117,59,7,0,2,1,4961,0,4926,0,5445,0,95.13,0,40,1
107,2.14,0,63,107,7,0,2,1,4040,0,3633,0,4503,0,55.25,0,11,0
186,1.9,0,54,186,6,0,2,1,4113,0,3543,0,4432,0,51.44,0,31,0
42,0.36,0,142,42,6,0,2,1,1702,0,1405,0,1888,0,134.53,0,22,1
195,2.74,0,92,195,6,0,2,1,658,0,253,0,1105,0,49.97,0,26,0
94,1.01,0,35,94,7,0,2,1,3075,0,2966,0,3498,0,29.49,0,46,0
95,1.91,0,76,95,6,0,2,1,2779,0,2305,0,3257,0,38.66,0,33,0
193,1.36,0,35,193,7,0,2,1,7314,0,6693,0,7703,0,25.4,0,16,0
82,2.64,0,191,82,6,0,2,1,7678,0,7668,0,8109,0,143.26,0,20,1
97,2.42,0,147,97,7,0,2,1,1240,0,812,0,1902,0,125.81,0,9,1
77,0.03,0,128,77,6,0,2,1,6945,0,6536,0,7564,0,111.76,0,47,1
179,1.21,0,33,179,6,0,2,0,2072,0,2065,0,2123,0,17.42,0,41,0
55,0.28,0,65,55,17,0,2,1,3741,0,3678,0,4302,0,42.78,0,3,0
73,0.38,0,192,73,6,0,2,1,2470,0,2013,1,3055,0,162.08,0,50,1
75,2.46,0,131,75,6,0,2,1,952,0,588,0,1368,0,95.31,0,36,1
128,2.85,0,123,128,7,0,2,1,3290,0,2686,0,3625,0,68.74,0,39,1
49,2.2,0,161,49,7,0,2,1,1315,0,662,0,1813,0,82.8,0,43,1
14,2.71,0,165,14,7,0,2,1,2354,0,1849,0,2864,0,108.53,0,19,1
32,0.61,0,107,32,6,0,2,1,849,0,618,0,1421,0,54.56,0,40,0
177,1.24,0,136,177,6,0,2,1,3784,0,3388,1,4279,0,86.26,0,18,1
183,2.55,0,179,183,6,0,2,1,7317,0,6726,0,7665,0,158.26,0,4,1
158,2.91,0,25,158,7,0,2,1,5722,0,5663,0,6105,0,22.54,0,50,0
172,2.49,0,150,172,6,0,2,1,3466,0,3046,0,3940,0,135.15,0,43,1
46,1.28,0,181,46,6,0,2,1,5836,0,5775,0,6430,0,138.34,0,34,1
30,2.3,0,127,30,6,0,2,1,4700,0,4627,0,5128,0,94.92,0,37,1
88,0.48,0,63,88,6,0,2,0,2610,0,2310,0,2844,0,49.54,0,29,0
111,0.31,0,90,111,6,0,2,1,7769,0,7333,0,8204,0,78.73,0,48,1
181,2.56,0,47,181,6,0,2,1,2808,0,2339,0,3376,0,29.69,0,47,0
139,2.44,0,30,139,6,0,2,1,6254,0,5703,0,6730,0,17.58,0,50,0
130,0.41,0,130,130,6,0,2,1,5452,0,5248,0,5716,0,80.59,0,29,1
140,1.84,0,114,140,6,0,2,1,7235,0,6815,0,7795,0,83.76,0,25,1
42,0.05,0,88,42,6,0,2,1,6098,0,5962,0,6281,0,51.86,0,39,0
175,0.38,0,136,175,6,0,2,1,3397,0,2884,0,4059,0,99.82,0,50,1
135,1.82,0,93,135,7,0,2,1,831,0,144,0,1405,0,78.36,0,20,0
118,1.8,0,47,118,7,0,2,1,6763,0,6356,0,7242,0,35.7,0,26,0
172,2.61,0,66,172,7,0,2,1,6380,0,5950,0,6670,0,44.99,0,8,0
30,0.86,0,188,30,7,0,2,1,5841,0,5811,0,6140,0,159.46,0,38,1
131,0.06,0,101,131,6,0,2,1,4995,1,4601,0,5006,0,88.02,0,28,1
39,1.66,0,186,39,7,0,2,1,2019,0,1694,0,2155,0,172.21,0,15,1
170,1.48,0,108,170,7,0,2,1,5458,0,5287,0,6026,0,90.47,0,42,1
72,0.25,0,70,72,6,0,2,1,7238,0,6917,0,7806,0,48,0,13,0
39,1.65,0,169,39,6,0,2,1,2818,0,2394,0,3058,0,101.66,0,46,1
145,1.72,0,56,145,7,0,2,1,5786,0,5356,0,6097,0,44.16,0,15,0
23,0.18,0,133,23,6,0,2,1,4591,0,4515,0,4684,0,115.45,0,48,1
46,2.58,0,116,46,7,0,2,1,4601,0,3971,0,4982,0,71.86,0,31,1
107,1.78,0,132,107,7,0,2,1,7134,0,6774,0,7270,0,111.36,0,27,1
114,1.84,0,61,114,7,0,2,1,1054,0,359,0,1331,0,31.4,0,38,0
17,2.31,0,167,17,6,0,2,1,2068,0,1542,0,2312,0,150.61,0,3,1
10,2.97,0,178,10,6,0,2,1,5905,0,5446,0,6398,0,159.28,0,9,1
73,0.46,0,63,73,6,0,2,1,4127,0,4114,0,4810,0,58.39,1,45,0
196,0.96,0,41,196,6,0,2,1,4787,0,4561,0,5180,0,25.04,0,4,0
163,1.08,0,192,163,19,0,2,1,6129,0,5454,0,6380,0,145.35,0,23,1
131,1.31,0,169,131,7,0,2,1,2686,0,2053,0,2889,0,119.39,0,41,1
170,2.45,0,30,170,6,0,2,1,6661,0,6333,0,6694,0,23.93,0,6,0
97,0.89,0,192,97,7,0,2,1,6774,0,6678,0,6819,0,145.14,0,4,1
161,2.15,0,177,161,6,0,2,1,8350,0,7979,0,8401,0,172.4,0,26,1
149,2.83,0,136,149,6,0,2,1,7383,0,7173,0,7710,0,92.62,0,6,1
57,2.37,0,85,57,7,0,2,1,2500,0,2480,0,2731,0,60.88,0,43,0
135,1.55,0,148,135,7,0,2,0,2834,0,2829,0,3192,0,124.58,0,11,1
144,2.15,0,59,144,7,0,2,1,5189,0,4588,0,5255,0,53.22,0,22,0
164,0.12,0,125,164,6,0,2,1,5684,0,5651,0,5854,0,95.1,0,33,1
99,0.17,0,46,99,7,0,2,1,5578,0,5148,0,5615,0,36.52,0,29,0
31,2.23,0,102,31,6,0,2,1,5392,0,5123,0,5718,0,89.82,0,12,1
190,1.28,0,115,190,6,0,2,1,8009,0,7418,0,8058,0,102.49,0,9,1
190,1.7,0,50,190,7,0,2,1,587,0,-110,0,1137,0,40.59,0,30,0
97,1.4,0,178,97,8,0,2,1,725,0,401,0,1406,0,96.04,0,40,1
45,2.23,0,40,45,7,0,2,1,3642,0,2949,0,4023,0,32.95,0,48,0
192,2.66,0,155,192,6,0,2,1,1202,0,693,0,1539,0,87.48,0,18,1
96,1.94,0,77,96,6,0,2,1,1845,0,1815,0,2225,0,61.74,0,43,0
60,2.49,0,147,60,7,0,2,1,5054,0,4463,0,5214,0,114.25,0,47,1
22,1.14,0,87,22,7,0,2,1,1756,0,1118,0,1803,0,77.51,0,32,0
171,2.67,0,31,171,6,0,2,1,1822,0,1578,0,2416,0,20.16,0,17,0
172,1.36,0,143,172,7,0,2,1,3549,0,3343,0,3877,0,126.27,0,14,1
109,0.18,0,90,109,6,0,2,1,7000,0,6932,0,7574,0,45.87,0,44,0
180,1.21,0,140,180,7,0,2,1,5872,0,5465,0,6552,0,110.56,0,12,1
108,2.91,0,143,108,7,0,2,1,1356,0,734,0,1567,0,98.1,0,39,1
77,2.1,0,189,77,6,0,2,1,5520,0,4956,0,6180,0,185.08,0,31,1
142,1.28,0,76,142,7,0,2,1,2283,0,1661,0,2536,0,42.88,0,14,0
197,1.89,0,55,197,6,0,2,1,5105,0,4561,0,5197,0,47.31,0,34,0
98,0.83,0,106,98,6,0,2,1,4776,0,4276,0,4888,0,83.8,0,40,1
105,2.97,0,137,105,7,0,2,1,7977,0,7279,0,8308,0,95.86,0,41,1
183,2.12,0,195,183,7,0,2,1,2874,0,2291,0,2880,0,179.43,0,35,1
89,1.17,0,128,89,7,0,2,1,5598,0,5550,0,5934,0,120.61,0,47,1
83,1.81,0,70,83,6,1,2,1,3952,0,3469,0,4623,0,52.94,0,19,0
42,0.49,0,161,42,7,0,2,1,7577,0,7218,0,7997,0,110.34,0,49,1
146,2.54,0,187,146,6,0,1,1,3339,0,2687,0,3364,0,153.7,0,22,1
150,2.96,0,99,150,6,0,2,1,6651,0,6166,0,7192,0,84.45,0,10,0
189,0.53,0,63,189,7,0,2,1,2828,0,2603,0,3330,0,58.17,0,37,0
97,0.56,0,131,97,7,0,2,1,7900,0,7563,0,8026,0,110.51,0,28,1
150,2.91,0,29,150,7,0,2,1,3817,0,3387,0,4456,0,26.95,0,6,0
34,1.46,0,172,34,7,0,2,1,5221,0,4701,0,5651,0,143.27,0,40,1
95,2.75,0,167,95,6,0,2,1,7323,0,7272,0,7904,0,111.04,1,14,1
162,1.22,0,34,162,6,0,2,1,6778,0,6581,1,6963,0,32.88,0,31,0
198,2.28,0,112,198,6,0,2,1,2725,0,2389,0,2916,0,69.52,0,45,0
167,1.54,0,24,167,7,0,2,1,1842,0,1831,0,2426,0,15.43,0,36,0
50,2.52,0,128,50,6,0,1,1,7339,0,7190,0,7663,0,88.57,0,46,1
72,1.12,0,197,72,6,0,2,1,3597,0,2979,0,3886,0,120.73,0,30,1
38,1.24,0,180,38,7,0,2,1,1251,0,902,0,1672,0,134.07,0,42,1
50,0.95,0,170,50,6,0,2,1,4448,0,3800,0,5111,0,141.01,0,39,1
189,2.91,0,166,189,6,0,2,1,6377,0,5921,0,6426,0,102.94,0,9,1
32,0.21,1,73,32,6,0,2,1,6315,0,5732,0,6839,0,60.1,0,15,0
130,1.05,0,73,130,7,0,2,1,2906,0,2577,0,2907,0,69.19,0,18,0
197,1.61,0,63,197,6,0,2,1,2676,0,2246,0,3259,0,45.77,0,12,0
84,1.2,0,109,84,6,0,2,1,7593,0,7480,0,7941,0,107.53,0,26,1
192,2.03,0,55,192,7,0,2,1,890,0,754,0,1538,0,45.92,0,41,0
169,2.02,0,24,169,6,0,2,1,4553,0,4260,0,4727,0,15.53,0,50,0
173,2.87,0,67,173,9,0,2,1,4838,0,4346,0,5278,0,55.14,0,33,0
46,1.24,0,148,46,7,0,2,1,1090,0,1090,0,1259,0,100.75,0,32,1
99,2.06,0,161,99,6,0,2,1,5963,0,5486,0,6563,0,92.85,0,31,1
58,2.21,0,73,58,7,0,2,1,6357,0,6118,0,6933,0,44.39,0,33,0
11,2.38,0,104,11,6,0,2,0,1397,0,1276,1,1442,0,64.86,0,34,1
171,1.91,0,200,171,7,0,2,1,1834,0,1593,0,2263,0,188.54,0,26,1
133,1.2,0,65,133,7,0,2,1,1882,0,1455,0,2153,0,40.25,0,24,0
68,1.37,1,164,68,7,0,2,1,3114,0,2451,0,3665,0,128.22,0,8,1
114,1.3,0,72,114,7,0,2,1,4668,0,3970,0,4935,0,45.38,0,21,0
69,0.81,0,196,69,7,0,2,1,3864,0,3705,0,4358,0,165.4,0,43,1
15,1.24,0,166,15,7,0,2,1,1922,0,1668,0,2372,0,105.28,0,18,1
156,1.84,0,90,156,6,0,2,1,3921,0,3253,0,3978,0,74.62,0,22,0
64,1.75,0,61,64,7,0,2,1,3215,0,3090,0,3699,0,40.69,0,23,0
123,3,0,196,123,7,0,2,1,2593,0,2013,0,2763,0,153.3,0,8,1
43,2.35,0,68,43,7,0,2,1,2182,0,2002,0,2867,0,56.61,0,34,0
102,0.12,0,120,102,6,0,2,1,2644,0,2435,0,2754,0,61.79,0,41,1
119,2.17,0,25,119,7,0,2,1,1628,0,1045,0,2088,0,17.39,0,7,0
160,0.84,0,185,160,6,0,2,1,1859,0,1421,0,2091,0,124.34,0,43,1
105,2.64,0,133,105,7,0,2,1,2279,0,1599,0,2972,0,117.03,0,19,1
12,2.17,0,161,12,7,0,2,1,5023,0,4680,0,5414,0,96.3,0,18,1
57,2.03,0,80,57,7,0,2,1,3301,0,2637,0,3711,0,48.62,0,44,0
40,0.56,0,85,40,6,0,2,1,4660,0,4350,0,4938,0,59.5,0,27,0
28,0.95,0,82,28,7,0,2,1,4881,0,4650,0,5109,0,68.66,1,39,0
179,1.21,0,189,179,7,0,2,1,4895,0,4508,0,5520,0,139.68,0,48,1
116,2.81,0,61,116,6,0,2,1,2125,0,1627,0,2600,0,53.71,0,37,0
43,1.36,0,99,43,6,0,2,1,6570,0,6424,0,7159,0,74.62,0,34,1
129,0.29,0,129,129,6,0,2,1,4530,0,4090,0,4949,0,75.51,0,21,1
184,1.83,0,133,184,7,0,2,1,3884,0,3230,0,4086,0,75.85,0,47,1
115,1.42,0,133,115,7,0,2,1,6583,0,6216,0,6607,0,110.79,0,42,1
123,0.98,0,57,123,7,0,2,1,6003,0,5483,0,6165,0,53.63,0,34,0
29,0.54,0,47,29,6,0,2,1,5592,0,5425,0,6287,0,34.76,0,47,0
198,0.84,0,134,198,6,0,2,1,5558,0,4936,0,5844,0,89.4,0,23,1
48,1.29,0,123,48,7,0,2,1,1535,0,1295,1,1722,0,116.1,0,3,1
21,2.2,0,146,21,7,0,2,1,3206,0,3068,0,3556,0,116.54,0,23,1
161,0.35,0,50,161,7,0,2,1,2101,0,1936,0,2229,0,43.15,0,26,0
99,2.62,0,180,99,7,0,2,1,1352,0,753,0,2008,0,102.68,0,17,1
173,0.73,0,170,173,6,0,2,1,854,0,360,0,1436,0,122.32,0,13,1
56,2.59,0,104,56,7,0,2,1,807,0,622,0,1343,0,101.86,0,42,1
16,1.15,0,124,16,7,0,2,1,2052,0,1863,0,2402,0,75.53,0,25,1
154,0.1,0,127,154,6,0,2,1,3934,0,3427,0,4374,0,105.89,0,29,1
42,0.21,0,47,42,6,0,2,1,4405,0,4230,0,4752,0,32.68,0,48,0
48,1.47,0,96,48,7,0,2,1,6698,0,6315,0,7309,0,60.06,0,18,0
97,2.1,0,60,97,6,0,2,1,2958,0,2893,0,3245,0,55.2,0,33,0
131,2.87,0,27,131,7,0,2,1,2221,0,1623,0,2432,0,21.94,0,22,0
52,0.52,0,177,52,6,0,2,1,6743,0,6138,0,7353,0,94.74,0,47,1
118,1.03,0,119,118,6,0,2,1,945,0,424,0,1528,0,116.14,0,13,1
120,0.91,0,51,120,7,0,2,1,4046,0,3710,0,4454,0,33.25,0,43,0
50,1.05,0,189,50,6,0,2,1,4867,0,4392,0,4997,0,111.79,0,13,1
112,1.42,0,129,112,7,0,2,1,3915,0,3663,0,4015,0,64.7,0,8,0
145,1.66,0,61,145,7,0,2,0,1096,0,913,0,1433,0,58.75,0,44,0
191,1.01,0,27,191,6,0,2,1,1869,0,1295,0,2271,0,16.6,0,15,0
41,1.84,0,20,41,6,0,2,0,5824,0,5400,0,6408,0,16.25,0,8,0
192,1.28,0,175,192,7,0,2,1,6455,0,5814,0,7085,0,130.05,0,47,1
83,2.2,0,158,83,6,0,1,1,1416,0,1113,0,1832,0,118.43,0,32,1
151,1.43,0,160,151,7,0,2,1,3881,0,3710,0,4043,0,89.99,0,9,1
95,1.19,0,72,95,6,0,2,1,4845,0,4821,0,5440,0,49.34,0,15,0
117,0.07,0,76,117,7,0,2,1,1670,0,1525,0,1970,0,64.71,0,49,0
99,1.01,0,118,99,6,0,2,1,7453,0,6814,0,7895,0,71.68,0,12,1
180,0.29,0,185,180,6,0,2,1,6593,0,5909,0,6751,0,112.32,0,10,1
44,2.74,0,190,44,7,0,2,1,1536,0,1052,0,2018,0,103.2,0,35,1
138,0.61,0,56,138,6,0,2,1,3230,0,2999,0,3301,0,33.49,0,10,0
120,0.82,0,159,120,6,0,2,1,7708,0,7018,0,8223,0,149.75,0,33,1
167,2.54,0,168,167,7,0,2,1,7614,0,7147,0,7617,0,141.11,0,26,1
21,0.59,0,54,21,7,0,2,1,4861,0,4423,0,5202,0,30.72,0,14,0
23,1.79,0,53,23,7,0,2,1,7308,0,7187,0,7942,0,32.19,0,9,0
25,2.72,0,136,25,7,0,2,1,8217,0,7772,0,8241,0,102.61,0,29,1
127,0.53,0,161,127,7,0,2,1,6151,0,6113,0,6507,0,109.79,0,31,1
177,1.42,0,68,177,7,0,2,1,3641,1,3020,0,3832,0,56.69,0,35,0
124,0.5,0,24,124,7,0,2,1,3250,0,2857,0,3755,0,21.3,0,43,0
95,2.58,0,74,95,6,0,0,1,1337,0,865,0,1972,0,52.36,0,39,0
166,1.63,0,147,166,6,0,2,1,2294,0,1771,0,2686,0,76.45,0,48,1
135,2.03,0,134,135,6,0,2,1,7527,0,7255,0,8069,0,127.45,0,23,1
94,1.98,0,88,94,7,0,2,1,6425,0,5828,0,6463,0,77.06,0,19,0
17,0.6,0,148,17,6,0,2,1,6638,0,6512,0,7313,0,124.66,0,9,1
55,0.98,0,22,55,6,0,2,1,5360,0,4954,0,5928,0,17.39,0,37,0
62,0.15,0,63,62,7,0,2,1,6558,0,6022,0,7227,0,61.53,0,35,0
34,0.29,0,191,34,7,0,2,1,1072,0,733,0,1728,0,138.68,0,33,1
152,0.67,0,159,152,7,0,2,1,3188,0,2839,0,3623,0,116.46,0,23,1
102,0.64,0,105,102,6,0,2,1,5795,0,5620,0,6349,0,60.41,0,10,0
173,2.04,0,154,173,6,0,2,1,1639,0,1035,0,2125,0,133.93,0,37,1
179,1.67,0,160,179,6,0,2,1,6304,0,5924,0,6975,0,112.83,0,30,1
172,0.47,0,144,172,6,0,2,1,5225,0,4881,0,5644,0,91.82,0,12,1
174,2.46,1,188,174,7,0,2,1,5831,0,5267,0,6339,0,161.59,0,46,1
14,1.8,0,180,14,6,0,2,1,7929,0,7747,0,8391,0,109.86,0,35,1
158,2.66,0,40,158,7,0,2,1,7517,0,7419,0,8095,0,38.32,0,26,0
28,1.07,0,120,28,7,0,2,1,2994,0,2920,0,3316,0,116.76,0,11,1
18,0.89,0,106,18,7,0,2,1,5258,0,4844,0,5630,0,73.66,0,23,1
169,2.03,0,21,169,6,0,2,1,5108,0,4674,1,5551,0,18.09,0,37,0
14,1.75,0,106,14,6,0,2,1,8294,0,7971,0,8398,0,81.73,0,23,1
19,1.86,0,29,19,6,0,2,1,537,1,368,0,1225,0,15.47,0,3,0
196,1.71,0,46,196,6,0,2,1,930,0,687,0,1271,0,36.85,0,41,0
34,1.96,0,101,34,7,0,2,1,6365,0,6036,0,6783,0,76.34,0,35,1
158,2.09,0,36,158,6,0,2,1,5346,0,5040,0,5706,0,33.85,0,11,0
52,1.21,0,43,52,6,0,2,1,1500,0,997,0,1895,0,33.35,0,46,0
197,1.66,0,178,197,6,0,2,1,4635,0,4069,0,5294,0,127.53,0,24,1
78,2.71,0,162,78,7,0,2,1,2868,0,2265,0,3235,0,89.62,0,43,1
156,1.84,0,99,156,6,0,2,0,1594,0,1590,0,1806,0,92.46,1,18,0
115,0.3,0,47,115,7,0,2,1,3363,0,3234,0,3735,0,23.58,0,7,0
84,1.03,0,100,84,6,0,2,1,3371,0,3258,0,3662,0,81.74,0,49,1
193,1.11,0,69,193,7,0,2,0,6127,0,5469,1,6155,0,60.63,0,25,0
19,1.53,0,145,19,7,0,2,1,726,0,386,0,1167,0,109,0,34,1
198,1.91,0,119,198,6,0,2,1,4923,0,4598,0,5356,0,72.07,0,12,0
177,1.99,0,125,177,6,0,2,1,3263,0,2995,0,3641,0,65.77,0,5,0
82,0.23,0,152,82,7,0,2,1,6505,0,6269,0,6682,0,118.5,0,20,1
12,1.74,0,197,12,7,0,2,1,1122,0,1107,0,1814,0,166.53,0,24,1
168,1.57,0,157,168,6,0,2,1,2015,0,1601,0,2606,0,135.56,0,29,1
29,1.25,0,119,29,7,0,2,1,2483,0,2176,0,3022,0,94.63,0,45,1
18,0.17,0,194,18,7,0,2,1,5269,0,4859,0,5343,0,99.27,0,10,1
162,1.42,0,91,162,7,0,2,1,4928,0,4818,0,5519,0,62.78,0,16,0
115,0.92,0,88,115,7,0,2,1,2499,0,2295,0,2771,0,55.17,0,10,0
18,2.65,0,36,18,6,0,2,1,1346,0,975,0,1889,0,27.93,0,17,0
86,1.92,0,60,86,6,0,2,1,7647,0,7088,0,7818,0,39.25,0,36,0
150,2.36,0,124,150,6,0,2,1,5250,0,5184,0,5319,0,66.67,0,24,1
124,1.09,0,147,124,7,0,2,1,5922,0,5810,0,6244,0,127.92,0,33,1
171,2.58,0,104,171,7,0,2,1,2832,0,2700,0,3090,0,78.13,0,39,0
97,1.13,0,85,97,6,0,2,1,5827,0,5128,0,6241,0,74.18,0,33,0
93,0.13,0,83,93,6,0,2,1,2271,0,1617,0,2904,0,51.89,0,5,0
180,1.53,0,169,180,7,0,2,1,8139,0,7441,0,8396,0,155.58,0,40,1
48,0.06,0,64,48,7,0,2,1,7862,1,7571,0,7965,0,52.57,0,29,0
